name,num_rows,num_cols,nnz,avg_nnz_per_row,min_nnz_per_row,max_nnz_per_row,std_dev_nnz_per_row,avg_nnz_density_per_row,min_nnz_density_per_row,max_nnz_density_per_row,std_dev_nnz_density_per_row,K,best_num_partitions,best_max_bucket_width,exe_time_hyb,exe_time_naive,speed_to_naive
dc2,116835,116835,766396,6.559643942,1,114190,361.4981023,5.61E-05,8.56E-06,0.9773612359,0.003094090832,32,1,64,0.11009,10.93204,99.3009
dc3,116835,116835,766396,6.559643942,1,114190,361.4981023,5.61E-05,8.56E-06,0.9773612359,0.003094090832,32,1,64,0.109967,10.826526,98.4525
trans5,116835,116835,766396,6.559643942,1,114190,361.4981023,5.61E-05,8.56E-06,0.9773612359,0.003094090832,32,1,64,0.110152,10.827654,98.2974