name,format,feat_size,num_parts,time_select(s),time_num_parts(s),time_bucket(s),time_exe_our(ms)
cora,BSR,32,0,0.005721375346183777,0,0,0.05607208
cora,BSR,64,0,0.005721375346183777,0,0,0.061431269999999996
cora,BSR,128,0,0.005721375346183777,0,0,0.07258864999999999
cora,BSR,256,0,0.005721375346183777,0,0,0.12656164
cora,BSR,512,0,0.005721375346183777,0,0,0.23313839999999997
citeseer,BSR,32,0,0.005599083378911018,0,0,0.06458156
citeseer,BSR,64,0,0.005599083378911018,0,0,0.06904661000000001
citeseer,BSR,128,0,0.005599083378911018,0,0,0.08894852
citeseer,BSR,256,0,0.005599083378911018,0,0,0.14723554
citeseer,BSR,512,0,0.005599083378911018,0,0,0.29034330999999997
pubmed,BSR,32,0,0.005433857440948486,0,0,0.40482399
pubmed,BSR,64,0,0.005433857440948486,0,0,0.60781286
pubmed,BSR,128,0,0.005433857440948486,0,0,1.2259838399999998
pubmed,BSR,256,0,0.005433857440948486,0,0,2.71147296
pubmed,BSR,512,0,0.005433857440948486,0,0,5.44734395
ppi,BSR,32,0,0.00644870288670063,0,0,0.39725422999999993
ppi,BSR,64,0,0.00644870288670063,0,0,0.94323901
ppi,BSR,128,0,0.00644870288670063,0,0,1.99981777
ppi,BSR,256,0,0.00644870288670063,0,0,4.10129952
ppi,BSR,512,0,0.00644870288670063,0,0,8.414959239999998
arxiv,BSR,32,0,0.006437819451093674,0,0,4.59170782
arxiv,BSR,64,0,0.006437819451093674,0,0,10.96790513
arxiv,BSR,128,0,0.006437819451093674,0,0,21.93704335
arxiv,BSR,256,0,0.006437819451093674,0,0,44.46446396
arxiv,BSR,512,0,0.006437819451093674,0,0,95.34229380999999
proteins,CSR,32,0,0.006561689078807831,0,0,4.05309742
proteins,CSR,64,0,0.006561689078807831,0,0,7.86485059
proteins,CSR,128,0,0.006561689078807831,0,0,14.857051010000001
proteins,CSR,256,0,0.006561689078807831,0,0,28.98476615
proteins,CSR,512,0,0.006561689078807831,0,0,57.92127054
reddit,CSR,32,0,0.006831197068095207,0,0,10.008893370000001
reddit,CSR,64,0,0.006831197068095207,0,0,22.80749078
reddit,CSR,128,0,0.006831197068095207,0,0,43.25616939
reddit,CSR,256,0,0.006831197068095207,0,0,84.95371647
reddit,CSR,512,0,0.006831197068095207,0,0,168.93526361
