name,feat_size,SparseTIR+Autotuning,STile,LiteForm(our)
cora,32,8.197569881,0.903933764,0.038009387
cora,64,8.535039034,0.903933764,0.039280029
cora,128,8.509576827,0.903933764,0.03914823
cora,256,12.29349613,0.903933764,0.039210245
cora,512,12.22053904,0.903933764,0.039184853
citeseer,32,8.044495815,1.117836475,0.036508391
citeseer,64,8.193399027,1.117836475,0.037560578
citeseer,128,8.311967457,1.117836475,0.037390409
citeseer,256,8.310613083,1.117836475,0.03892133
citeseer,512,8.418172084,1.117836475,0.037492646
pubmed,32,22.93334359,63.71202302,0.2487524
pubmed,64,20.91441736,63.71202302,0.249112161
pubmed,128,24.91460627,63.71202302,0.244859831
pubmed,256,28.22142371,63.71202302,0.419180604
pubmed,512,28.91549088,63.71202302,0.245662369
ppi,32,225.7211932,104.301501,3.06590163
ppi,64,94.00239012,104.301501,3.253536945
ppi,128,229.2692593,104.301501,3.307692898
ppi,256,223.5883103,104.301501,3.342000464
ppi,512,228.4247879,104.301501,3.220048921
arxiv,32,54.34041635,1097.01105,3.237929603
arxiv,64,21.86334951,1097.01105,3.289318301
arxiv,128,23.53040103,1097.01105,3.31522733
arxiv,256,26.87557295,1097.01105,3.204515552
arxiv,512,33.10021226,1097.01105,3.169823254
proteins,32,2517.763558,1917.139483,201.8964185
proteins,64,17861.79449,1917.139483,202.2323833
proteins,128,19553.02044,1917.139483,201.176647
proteins,256,20010.07313,1917.139483,201.8225255
proteins,512,20439.86384,1917.139483,202.2501882
reddit,32,4084.543895,4735.767751,315.6015323
reddit,64,7817.681813,4735.767751,312.6019648
reddit,128,7371.082702,4735.767751,312.5614621
reddit,256,6970.475975,4735.767751,310.5691217
reddit,512,7163.290082,4735.767751,312.1497314