name,cuSPARSE,Triton,Sputnik,dgSPARSE,TACO,SparseTIR,STile,Ours
cora,1.0,0.17130624129543826,1.5003703551256036,1.257051560471449,0.40315392854493304,2.377346847823518,1.8028780542547536,3.72926722614879
citeseer,1.0,0.19949998165727761,1.670673619449381,1.46682015349856,0.402434415520777,2.34389228875416,2.7346796641126097,3.741433411049031
pubmed,1.0,0.07139745625776117,1.1567903096227559,1.1968814283929505,0.497071277423184,1.5716538717925626,0.8487565414083922,1.9642900792413394
ppi,1.0,0.09846206305280364,1.0388021278722706,1.0644926000918558,0.43497210898198513,1.1937640312035467,0.6854654074172489,1.2242041499506835
arxiv,1.0,0.0689586507147544,0.6514879974795126,1.0241253797648935,0.7415656258788477,1.445806307775174,1.3108492033069112,2.0579910666333463
proteins,1.0,,1.2546125060557198,1.276895520842613,0.4751786479336314,1.3222593248613388,1.5624883118692476,1.3590775668162585
reddit,1.0,,1.006941390996697,0.9314934990642162,0.5593394014285046,1.515920991684294,1.4483619643500456,1.6495160276288103
(geomean),1.0,0.11062449326442512,1.1384874700461725,1.1620646593654926,0.49134859185939417,1.6279079536139918,1.3578167413742892,2.0550557555463778
